{"id": "id", "name": "title", "url": "url", "pic": "cover", "rate": "rate", "director": "director", "composer": "composer", "actor": "actor", "flag": "category", "district": "district", "language": "language", "showtime": "showtime", "length": "length", "othername": "othername", "text": "description\n"}{"id": "id", "name": "title", "url": "url", "pic": "cover", "rate": "rate", "director": "director", "composer": "composer", "actor": "actor", "flag": "category", "district": "district", "language": "language", "showtime": "showtime", "length": "length", "othername": "othername", "text": "description\n"}